titulo,palabra_clave,estado
How Many Watts Does a Refrigerator Use (And How to Cut the Cost),refrigerator watts cost,borrador-generado
Smart Plugs vs Smart Outlets: Which Actually Saves More Energy,smart plugs vs smart outlets,borrador-generado
How Much Does It Cost to Run an Air Conditioner All Day,air conditioner cost per day,pendiente
Do Smart Thermostats Really Save Money What the Numbers Show,do smart thermostats save money,pendiente
Phantom Load Explained: How Much Chargers Really Cost You,phantom load electricity cost,pendiente
Heat Pump vs Electric Baseboard Heating: Which Is Cheaper to Run,heat pump vs baseboard heating cost,pendiente
How to Read Your Electricity Meter and Catch a Spike Early,how to read electricity meter,pendiente
LED vs Incandescent vs CFL: The Real Energy Cost Comparison,led vs incandescent vs cfl cost,pendiente
Off-Grid Solar for Beginners: What You Actually Need to Start,off-grid solar for beginners,pendiente
How Much Power Does a Gaming PC Really Use,how much power does a gaming pc use,pendiente
Space Heater Safety and Cost: When It Beats Central Heat,space heater cost vs central heat,pendiente
How to Weatherstrip Windows and Doors: The Cheapest DIY Energy Fix,how to weatherstrip windows,pendiente
Chest Freezer vs Upright Freezer: Which Uses Less Energy,chest freezer vs upright freezer energy,pendiente
Do Energy-Efficient Appliances Actually Pay for Themselves,do energy efficient appliances pay for themselves,pendiente
How Much Does It Cost to Charge an Electric Car at Home,cost to charge electric car at home,pendiente
Window AC Unit vs Central Air: Real Cost for Small Spaces,window ac vs central air cost,pendiente
How to Do a DIY Home Energy Audit in One Afternoon,diy home energy audit,pendiente
Ceiling Fans and Energy Savings: Do They Really Cut Your AC Bill,do ceiling fans save on ac bill,pendiente
