titulo,palabra_clave,estado
Cómo ahorrar en la factura de la luz: guía completa,ahorrar factura luz,borrador-generado
Qué es la tarifa PVPC y cuándo conviene frente a una tarifa fija,tarifa PVPC o fija,pendiente
Cómo leer tu factura de la luz paso a paso,leer factura de la luz,pendiente
Mejores horas para poner la lavadora y el lavavajillas y ahorrar,horas valle luz,pendiente
Cuánto consume realmente un aire acondicionado y cómo reducirlo,consumo aire acondicionado,pendiente
Bomba de calor vs calefacción eléctrica: cuál sale más barata,bomba de calor o calefacción eléctrica,pendiente
Placas solares para autoconsumo en casa: guía para empezar,placas solares autoconsumo,pendiente
Enchufes inteligentes: para qué sirven y cuánto se puede ahorrar con ellos,enchufes inteligentes ahorro,pendiente
Termostato inteligente: si merece la pena y cuánto se ahorra,termostato inteligente ahorro,pendiente
Cómo elegir la potencia contratada adecuada para tu casa,potencia contratada adecuada,pendiente
Discriminación horaria: qué es y cómo aprovecharla,discriminación horaria luz,pendiente
Electrodomésticos de bajo consumo: qué mirar en la etiqueta energética,etiqueta energética electrodomésticos,pendiente
Cuánto consume un frigorífico viejo frente a uno nuevo,consumo frigorífico viejo,pendiente
Aislar puertas y ventanas: la forma más barata de ahorrar en calefacción,aislar ventanas ahorro calefacción,pendiente
Comunidades energéticas: qué son y cómo unirte para ahorrar,comunidad energética vecinos,pendiente
Bono social eléctrico: quién puede pedirlo y cómo solicitarlo,bono social eléctrico requisitos,pendiente
Coche eléctrico en casa: cuánto sube la factura de la luz al cargarlo,cargar coche eléctrico en casa,pendiente
Errores comunes que disparan la factura de la luz sin que te des cuenta,errores factura de la luz alta,pendiente
